chain, residue_label, residue_name, score, zscore, probability, pocket
A,   12, ASP,  0.0312,  -0.3785,   0.0004, 0
A,   13, ILE,  0.5383,  -0.1183,   0.0317, 0
A,   14, ASP,  0.1351,  -0.3252,   0.0026, 0
A,   15, LEU,  0.6487,  -0.0616,   0.0460, 0
A,   16, SER,  0.3483,  -0.2158,   0.0137, 0
A,   17, SER,  0.1069,  -0.3396,   0.0018, 0
A,   18, LEU,  0.6038,  -0.0847,   0.0399, 0
A,   19, ARG,  0.2171,  -0.2831,   0.0059, 0
A,   20, ASP,  0.0324,  -0.3779,   0.0005, 0
A,   21, PRO,  0.0310,  -0.3786,   0.0004, 0
A,   22, ALA,  0.0523,  -0.3676,   0.0007, 0
A,   23, GLY,  0.0755,  -0.3557,   0.0011, 0
A,   24, ILE,  0.4791,  -0.1486,   0.0252, 5
A,   25, PHE,  0.5092,  -0.1332,   0.0284, 5
A,   26, GLU,  0.0296,  -0.3793,   0.0004, 0
A,   27, LEU,  0.1105,  -0.3378,   0.0019, 0
A,   28, VAL,  0.0090,  -0.3899,   0.0002, 0
A,   29, GLU,  0.3740,  -0.2026,   0.0157, 0
A,   30, VAL,  0.0585,  -0.3644,   0.0008, 0
A,   31, VAL,  5.3314,   2.3411,   0.7963, 1
A,   32, GLY,  2.7243,   1.0034,   0.4797, 1
A,   33, ASN,  0.6718,  -0.0498,   0.0492, 1
A,   34, GLY,  0.9990,   0.1181,   0.1077, 1
A,   35, THR,  1.1899,   0.2161,   0.1500, 0
A,   36, TYR,  2.5756,   0.9271,   0.4528, 0
A,   37, GLY,  0.5379,  -0.1185,   0.0316, 0
A,   38, GLN,  0.4621,  -0.1574,   0.0236, 0
A,   39, VAL,  5.7148,   2.5379,   0.8235, 1
A,   40, TYR,  0.6579,  -0.0569,   0.0473, 0
A,   41, LYS,  0.3188,  -0.2309,   0.0116, 0
A,   42, GLY,  0.0000,  -0.3945,   0.0001, 0
A,   43, ARG,  0.0075,  -0.3906,   0.0002, 0
A,   44, HIS,  0.6005,  -0.0864,   0.0395, 5
A,   45, VAL,  0.0248,  -0.3817,   0.0004, 0
A,   46, LYS,  0.1450,  -0.3201,   0.0030, 0
A,   47, THR,  0.1653,  -0.3096,   0.0037, 0
A,   48, GLY,  0.0049,  -0.3920,   0.0002, 0
A,   49, GLN,  0.3031,  -0.2390,   0.0106, 5
A,   50, LEU,  0.2578,  -0.2622,   0.0079, 0
A,   51, ALA,  0.1661,  -0.3092,   0.0037, 0
A,   52, ALA,  5.0721,   2.2081,   0.7761, 1
A,   53, ILE,  0.9435,   0.0897,   0.0965, 0
A,   54, LYS,  2.5873,   0.9331,   0.4549, 1
A,   55, VAL,  0.3057,  -0.2376,   0.0108, 0
A,   56, MET,  1.5713,   0.4118,   0.2396, 0
A,   57, ASP,  0.4579,  -0.1595,   0.0231, 0
A,   58, VAL,  0.5233,  -0.1259,   0.0300, 0
A,   59, THR,  0.1193,  -0.3333,   0.0022, 0
A,   60, GLU,  0.1136,  -0.3362,   0.0020, 0
A,   61, ASP,  0.0034,  -0.3927,   0.0002, 0
A,   62, GLU,  0.5973,  -0.0880,   0.0391, 0
A,   63, GLU,  0.3026,  -0.2392,   0.0106, 0
A,   64, GLU,  0.0178,  -0.3853,   0.0003, 0
A,   65, GLU,  1.3056,   0.2754,   0.1766, 0
A,   66, ILE,  1.0695,   0.1543,   0.1228, 0
A,   67, LYS,  0.2497,  -0.2663,   0.0075, 0
A,   68, LEU,  0.5554,  -0.1095,   0.0338, 0
A,   69, GLU,  1.8573,   0.5585,   0.3056, 0
A,   70, ILE,  0.6249,  -0.0739,   0.0427, 0
A,   71, ASN,  0.1698,  -0.3074,   0.0039, 0
A,   72, MET,  0.7997,   0.0159,   0.0695, 0
A,   73, LEU,  0.5263,  -0.1244,   0.0303, 0
A,   74, LYS,  0.5769,  -0.0985,   0.0364, 0
A,   75, LYS,  0.4107,  -0.1838,   0.0187, 0
A,   76, TYR,  0.6121,  -0.0804,   0.0410, 0
A,   77, SER,  0.0999,  -0.3432,   0.0017, 0
A,   78, HIS,  0.3657,  -0.2068,   0.0151, 0
A,   79, HIS,  0.8677,   0.0507,   0.0818, 0
A,   80, ARG,  0.9293,   0.0824,   0.0938, 0
A,   81, ASN,  0.5246,  -0.1253,   0.0301, 0
A,   82, ILE,  0.0366,  -0.3757,   0.0005, 0
A,   83, ALA,  0.2332,  -0.2748,   0.0066, 0
A,   84, THR,  0.8361,   0.0345,   0.0760, 0
A,   85, TYR,  0.6519,  -0.0600,   0.0464, 0
A,   86, TYR,  0.8449,   0.0390,   0.0775, 5
A,   87, GLY,  0.6954,  -0.0376,   0.0528, 0
A,   88, ALA,  0.5734,  -0.1003,   0.0360, 0
A,   89, PHE,  0.5506,  -0.1120,   0.0332, 5
A,   90, ILE,  0.4456,  -0.1658,   0.0219, 0
A,   91, LYS,  0.1087,  -0.3387,   0.0019, 0
A,   92, LYS,  0.0574,  -0.3650,   0.0008, 0
A,   93, SER,  0.0456,  -0.3711,   0.0006, 0
A,   94, PRO,  0.0251,  -0.3816,   0.0004, 0
A,   95, PRO,  0.0265,  -0.3809,   0.0004, 0
A,   96, GLY,  0.0122,  -0.3882,   0.0002, 0
A,   97, HIS,  0.0445,  -0.3716,   0.0006, 0
A,   98, ASP,  0.0488,  -0.3694,   0.0007, 0
A,   99, ASP,  0.3330,  -0.2236,   0.0126, 0
A,  100, GLN,  0.3165,  -0.2321,   0.0115, 0
A,  101, LEU,  0.2107,  -0.2863,   0.0056, 0
A,  102, TRP,  0.1291,  -0.3282,   0.0025, 0
A,  103, LEU,  0.1248,  -0.3304,   0.0023, 0
A,  104, VAL,  0.3561,  -0.2117,   0.0143, 0
A,  105, MET,  3.3772,   1.3384,   0.5862, 1
A,  106, GLU,  2.8796,   1.0831,   0.5065, 1
A,  107, PHE,  3.7107,   1.5095,   0.6326, 1
A,  108, CYS,  3.4003,   1.3503,   0.5896, 1
A,  109, GLY,  2.2657,   0.7681,   0.3922, 1
A,  110, ALA,  2.2353,   0.7525,   0.3861, 0
A,  111, GLY,  2.3598,   0.8163,   0.4110, 1
A,  112, SER,  1.3962,   0.3219,   0.1980, 1
A,  113, ILE,  0.0048,  -0.3920,   0.0002, 0
A,  114, THR,  0.7141,  -0.0281,   0.0556, 0
A,  115, ASP,  1.2934,   0.2692,   0.1738, 1
A,  116, LEU,  0.7896,   0.0107,   0.0678, 0
A,  117, VAL,  0.1581,  -0.3133,   0.0034, 0
A,  118, LYS,  0.4467,  -0.1652,   0.0220, 0
A,  119, ASN,  0.8931,   0.0638,   0.0866, 0
A,  120, THR,  0.4198,  -0.1791,   0.0196, 0
A,  121, LYS,  0.2886,  -0.2464,   0.0097, 0
A,  122, GLY,  0.0377,  -0.3752,   0.0005, 0
A,  123, ASN,  0.0542,  -0.3666,   0.0008, 0
A,  124, THR,  0.1253,  -0.3302,   0.0023, 0
A,  125, LEU,  0.0575,  -0.3649,   0.0008, 0
A,  126, LYS,  0.5731,  -0.1004,   0.0359, 0
A,  127, GLU,  0.5131,  -0.1312,   0.0288, 0
A,  128, ASP,  0.5131,  -0.1312,   0.0288, 0
A,  129, TRP,  0.5703,  -0.1019,   0.0356, 0
A,  130, ILE,  0.0000,  -0.3945,   0.0001, 0
A,  131, ALA,  0.3489,  -0.2155,   0.0137, 0
A,  132, TYR,  0.1035,  -0.3414,   0.0017, 0
A,  133, ILE,  0.0000,  -0.3945,   0.0001, 0
A,  134, SER,  0.0000,  -0.3945,   0.0001, 0
A,  135, ARG,  0.1674,  -0.3086,   0.0038, 0
A,  136, GLU,  0.2930,  -0.2441,   0.0100, 0
A,  137, ILE,  0.0000,  -0.3945,   0.0001, 0
A,  138, LEU,  0.1245,  -0.3306,   0.0023, 0
A,  139, ARG,  0.8466,   0.0399,   0.0779, 0
A,  140, GLY,  0.1931,  -0.2954,   0.0048, 0
A,  141, LEU,  0.0260,  -0.3811,   0.0004, 0
A,  142, ALA,  0.3870,  -0.1959,   0.0167, 0
A,  143, HIS,  0.6679,  -0.0518,   0.0487, 0
A,  144, LEU,  0.3045,  -0.2382,   0.0107, 0
A,  145, HIS,  0.2875,  -0.2470,   0.0096, 0
A,  146, ILE,  0.6205,  -0.0761,   0.0421, 0
A,  147, HIS,  0.5956,  -0.0888,   0.0388, 0
A,  148, HIS,  0.2703,  -0.2558,   0.0086, 0
A,  149, VAL,  0.6813,  -0.0449,   0.0506, 0
A,  150, ILE,  0.8589,   0.0463,   0.0801, 0
A,  151, HIS,  0.3491,  -0.2153,   0.0138, 0
A,  152, ARG,  1.3108,   0.2781,   0.1778, 0
A,  153, ASP,  2.0398,   0.6522,   0.3451, 0
A,  154, ILE,  0.0492,  -0.3692,   0.0007, 0
A,  155, LYS,  1.1574,   0.1994,   0.1425, 0
A,  156, GLY,  0.1200,  -0.3329,   0.0022, 0
A,  157, GLN,  1.7915,   0.5247,   0.2909, 1
A,  158, ASN,  1.3157,   0.2806,   0.1790, 1
A,  159, VAL,  0.0002,  -0.3944,   0.0001, 0
A,  160, LEU,  5.7296,   2.5455,   0.8245, 1
A,  161, LEU,  0.2778,  -0.2519,   0.0091, 0
A,  162, THR,  0.7527,  -0.0082,   0.0617, 0
A,  163, GLU,  0.3327,  -0.2238,   0.0126, 0
A,  164, ASN,  0.1688,  -0.3078,   0.0038, 0
A,  165, ALA,  0.0818,  -0.3525,   0.0012, 0
A,  166, GLU,  0.9020,   0.0683,   0.0883, 0
A,  167, VAL,  0.0872,  -0.3497,   0.0014, 0
A,  168, LYS,  0.8225,   0.0275,   0.0735, 0
A,  169, LEU,  0.0000,  -0.3945,   0.0001, 0
A,  170, VAL,  4.4429,   1.8852,   0.7183, 1
A,  171, ASP,  3.6296,   1.4679,   0.6219, 1
A,  172, PHE,  1.2792,   0.2619,   0.1705, 0
A,  173, GLY,  1.2908,   0.2678,   0.1732, 0
A,  190, GLY,  1.8484,   0.5540,   0.3036, 0
A,  191, THR,  1.5909,   0.4218,   0.2443, 0
A,  192, PRO,  0.7876,   0.0097,   0.0675, 0
A,  193, TYR,  0.6117,  -0.0806,   0.0409, 0
A,  194, TRP,  1.3158,   0.2807,   0.1790, 0
A,  195, MET,  1.7362,   0.4964,   0.2781, 0
A,  196, ALA,  0.3215,  -0.2295,   0.0118, 0
A,  197, PRO,  0.0414,  -0.3732,   0.0006, 0
A,  198, GLU,  0.1702,  -0.3071,   0.0039, 0
A,  199, VAL,  1.4432,   0.3460,   0.2090, 0
A,  200, ILE,  0.5941,  -0.0896,   0.0386, 7
A,  201, ALA,  0.2782,  -0.2517,   0.0091, 0
A,  202, CYS,  0.3531,  -0.2133,   0.0141, 0
A,  203, ASP,  0.8916,   0.0630,   0.0863, 0
A,  210, TYR,  0.8948,   0.0647,   0.0870, 0
A,  211, ASP,  0.2347,  -0.2741,   0.0067, 0
A,  212, TYR,  0.4741,  -0.1512,   0.0247, 0
A,  213, ARG,  0.2041,  -0.2898,   0.0053, 0
A,  214, SER,  0.5724,  -0.1007,   0.0358, 0
A,  215, ASP,  0.2811,  -0.2502,   0.0093, 0
A,  216, LEU,  0.0191,  -0.3847,   0.0003, 0
A,  217, TRP,  0.1301,  -0.3277,   0.0025, 0
A,  218, SER,  0.4159,  -0.1811,   0.0192, 0
A,  219, CYS,  0.0000,  -0.3945,   0.0001, 0
A,  220, GLY,  0.0000,  -0.3945,   0.0001, 0
A,  221, ILE,  0.1245,  -0.3306,   0.0023, 0
A,  222, THR,  0.0000,  -0.3945,   0.0001, 0
A,  223, ALA,  0.0000,  -0.3945,   0.0001, 0
A,  224, ILE,  0.0102,  -0.3892,   0.0002, 0
A,  225, GLU,  0.7506,  -0.0093,   0.0613, 0
A,  226, MET,  0.0048,  -0.3920,   0.0002, 0
A,  227, ALA,  0.0489,  -0.3694,   0.0007, 0
A,  228, GLU,  0.0933,  -0.3466,   0.0015, 0
A,  229, GLY,  0.6501,  -0.0609,   0.0462, 0
A,  230, ALA,  0.7478,  -0.0108,   0.0609, 0
A,  231, PRO,  1.0057,   0.1215,   0.1091, 0
A,  232, PRO,  0.7884,   0.0101,   0.0676, 0
A,  233, LEU,  0.9594,   0.0978,   0.0997, 0
A,  234, CYS,  0.7419,  -0.0138,   0.0600, 0
A,  235, ASP,  0.1729,  -0.3057,   0.0040, 0
A,  236, MET,  0.4002,  -0.1891,   0.0178, 0
A,  237, HIS,  0.3279,  -0.2262,   0.0122, 0
A,  238, PRO,  0.5241,  -0.1256,   0.0300, 0
A,  239, MET,  0.5588,  -0.1077,   0.0342, 0
A,  240, ARG,  0.3044,  -0.2383,   0.0107, 0
A,  241, ALA,  0.0582,  -0.3646,   0.0008, 0
A,  242, LEU,  0.7982,   0.0151,   0.0693, 7
A,  243, PHE,  0.2975,  -0.2418,   0.0102, 7
A,  244, LEU,  0.3699,  -0.2047,   0.0154, 0
A,  245, ILE,  0.1693,  -0.3076,   0.0038, 0
A,  246, PRO,  0.1341,  -0.3257,   0.0026, 7
A,  247, ARG,  0.0665,  -0.3604,   0.0010, 0
A,  248, ASN,  0.4836,  -0.1463,   0.0257, 0
A,  249, PRO,  0.3167,  -0.2320,   0.0115, 0
A,  250, PRO,  0.2269,  -0.2781,   0.0063, 0
A,  251, PRO,  0.7898,   0.0108,   0.0679, 0
A,  252, ARG,  0.4733,  -0.1516,   0.0246, 0
A,  253, LEU,  0.0676,  -0.3598,   0.0010, 0
A,  254, LYS,  0.4474,  -0.1649,   0.0221, 0
A,  255, SER,  0.0640,  -0.3617,   0.0009, 0
A,  256, LYS,  0.0474,  -0.3701,   0.0007, 0
A,  257, LYS,  0.0851,  -0.3508,   0.0013, 0
A,  258, TRP,  0.1105,  -0.3378,   0.0019, 0
A,  259, SER,  0.4782,  -0.1491,   0.0251, 0
A,  260, LYS,  0.0632,  -0.3620,   0.0009, 0
A,  261, LYS,  0.3128,  -0.2340,   0.0112, 0
A,  262, PHE,  0.2527,  -0.2648,   0.0076, 0
A,  263, PHE,  0.1196,  -0.3331,   0.0022, 0
A,  264, SER,  0.3941,  -0.1923,   0.0173, 0
A,  265, PHE,  0.2327,  -0.2751,   0.0066, 0
A,  266, ILE,  0.0267,  -0.3807,   0.0004, 0
A,  267, GLU,  0.1539,  -0.3155,   0.0033, 0
A,  268, GLY,  0.3320,  -0.2241,   0.0125, 0
A,  269, CYS,  0.2105,  -0.2865,   0.0056, 0
A,  270, LEU,  0.0189,  -0.3848,   0.0003, 0
A,  271, VAL,  0.0474,  -0.3701,   0.0007, 0
A,  272, LYS,  0.0704,  -0.3584,   0.0010, 0
A,  273, ASN,  0.0482,  -0.3698,   0.0007, 0
A,  274, TYR,  0.1492,  -0.3179,   0.0031, 0
A,  275, MET,  0.1235,  -0.3311,   0.0023, 0
A,  276, GLN,  0.1273,  -0.3292,   0.0024, 0
A,  277, ARG,  0.0574,  -0.3650,   0.0008, 0
A,  278, PRO,  0.3928,  -0.1929,   0.0172, 0
A,  279, SER,  0.2717,  -0.2551,   0.0087, 0
A,  280, THR,  0.1571,  -0.3139,   0.0034, 0
A,  281, GLU,  0.3165,  -0.2321,   0.0115, 0
A,  282, GLN,  0.3728,  -0.2032,   0.0156, 0
A,  283, LEU,  0.3403,  -0.2198,   0.0131, 0
A,  284, LEU,  0.3965,  -0.1910,   0.0175, 0
A,  285, LYS,  0.1188,  -0.3335,   0.0022, 0
A,  286, HIS,  0.4693,  -0.1537,   0.0243, 0
A,  287, PRO,  0.2497,  -0.2664,   0.0075, 0
A,  288, PHE,  0.4730,  -0.1518,   0.0246, 0
A,  289, ILE,  0.1303,  -0.3276,   0.0025, 0
A,  290, ARG,  0.0741,  -0.3565,   0.0011, 0
A,  291, ASP,  0.2104,  -0.2865,   0.0055, 0
A,  292, GLN,  0.1524,  -0.3163,   0.0032, 0
A,  293, PRO,  0.3459,  -0.2170,   0.0135, 0
A,  294, ASN,  0.0175,  -0.3855,   0.0003, 0
A,  295, GLU,  0.1585,  -0.3132,   0.0034, 0
A,  296, ARG,  0.1441,  -0.3205,   0.0029, 0
A,  297, GLN,  0.0270,  -0.3806,   0.0004, 0
A,  298, VAL,  0.0025,  -0.3932,   0.0002, 0
A,  299, ARG,  0.2126,  -0.2854,   0.0056, 0
A,  300, ILE,  0.1326,  -0.3264,   0.0026, 0
A,  301, GLN,  0.2835,  -0.2490,   0.0094, 0
A,  302, LEU,  0.0011,  -0.3939,   0.0001, 0
A,  303, LYS,  0.0212,  -0.3836,   0.0003, 0
A,  304, ASP,  0.2783,  -0.2517,   0.0091, 0
A,  305, HIS,  1.1980,   0.2202,   0.1519, 0
A,  306, ILE,  0.4929,  -0.1416,   0.0266, 0
A,  307, ASP,  0.2064,  -0.2886,   0.0054, 0
A,  308, ARG,  0.9181,   0.0766,   0.0915, 0
A,  309, THR,  0.9135,   0.0743,   0.0906, 0
A,  310, ARG,  0.7880,   0.0099,   0.0676, 0
A,  311, LYS,  0.0113,  -0.3887,   0.0002, 0
A,  312, LYS,  0.5448,  -0.1149,   0.0325, 0
A,  313, ARG,  1.4921,   0.3711,   0.2204, 0
A,  314, GLY,  0.0055,  -0.3916,   0.0002, 0
A,  315, GLU,  1.4424,   0.3456,   0.2088, 0
A,  316, LYS,  0.0313,  -0.3784,   0.0004, 0
A,  317, ASP,  0.0141,  -0.3872,   0.0003, 0
A,  318, GLU,  0.1424,  -0.3214,   0.0029, 0
A,  351, THR,  0.0720,  -0.3575,   0.0011, 0
A,  352, LEU,  0.0773,  -0.3548,   0.0012, 0
A,  353, ARG,  0.1498,  -0.3176,   0.0031, 0
A,  354, ARG,  0.0919,  -0.3473,   0.0015, 0
A,  355, ASP,  0.0523,  -0.3677,   0.0007, 0
A,  356, PHE,  0.2379,  -0.2724,   0.0069, 0
A,  357, LEU,  0.0517,  -0.3680,   0.0007, 0
A,  358, ARG,  0.0176,  -0.3854,   0.0003, 0
A,  359, LEU,  0.0665,  -0.3603,   0.0010, 0
A,  360, GLN,  0.0979,  -0.3443,   0.0016, 0
A,  361, GLN,  0.0424,  -0.3727,   0.0006, 0
A,  362, GLU,  0.0082,  -0.3903,   0.0002, 0
A,  363, ASN,  0.0588,  -0.3643,   0.0008, 0
A,  364, LYS,  0.0302,  -0.3790,   0.0004, 0
A,  365, GLU,  0.0037,  -0.3926,   0.0002, 0
A,  366, ARG,  0.0153,  -0.3866,   0.0003, 0
A,  367, SER,  0.0152,  -0.3867,   0.0003, 0
A,  368, GLU,  0.0104,  -0.3891,   0.0002, 0
A,  369, ALA,  0.0040,  -0.3924,   0.0002, 0
A,  370, LEU,  0.0189,  -0.3848,   0.0003, 0
A,  371, ARG,  0.0284,  -0.3799,   0.0004, 0
A,  372, ARG,  0.0205,  -0.3840,   0.0003, 0
A,  373, GLN,  0.0255,  -0.3814,   0.0004, 0
A,  374, GLN,  0.0141,  -0.3872,   0.0003, 0
A,  375, LEU,  0.0319,  -0.3781,   0.0005, 0
A,  376, LEU,  0.0653,  -0.3610,   0.0009, 0
A,  377, GLN,  0.0092,  -0.3897,   0.0002, 0
A,  378, GLU,  0.0181,  -0.3852,   0.0003, 0
A,  379, GLN,  0.0140,  -0.3873,   0.0003, 0
A,  380, GLN,  0.0458,  -0.3710,   0.0006, 0
A,  381, LEU,  0.0111,  -0.3888,   0.0002, 0
A,  382, ARG,  0.0143,  -0.3871,   0.0003, 0
A,  383, GLU,  0.0229,  -0.3827,   0.0004, 0
A,  384, GLN,  0.0260,  -0.3811,   0.0004, 0
A,  385, GLU,  0.0104,  -0.3891,   0.0002, 0
A,  386, GLU,  0.0080,  -0.3904,   0.0002, 0
A,  387, TYR,  0.1358,  -0.3248,   0.0027, 0
A,  388, LYS,  0.0269,  -0.3807,   0.0004, 0
A,  389, ARG,  0.0131,  -0.3878,   0.0003, 0
A,  390, GLN,  0.0283,  -0.3799,   0.0004, 0
A,  391, LEU,  0.0583,  -0.3645,   0.0008, 0
A,  392, LEU,  0.0285,  -0.3799,   0.0004, 0
A,  393, ALA,  0.0164,  -0.3861,   0.0003, 0
A,  394, GLU,  0.0267,  -0.3808,   0.0004, 0
A,  395, ARG,  0.0289,  -0.3796,   0.0004, 0
A,  396, GLN,  0.0460,  -0.3709,   0.0006, 0
A,  397, LYS,  0.0196,  -0.3844,   0.0003, 0
A,  398, ARG,  0.0178,  -0.3854,   0.0003, 0
A,  399, ILE,  0.0344,  -0.3768,   0.0005, 0
A,  400, GLU,  0.0049,  -0.3919,   0.0002, 0
A,  401, GLN,  0.0225,  -0.3829,   0.0004, 0
A,  402, GLN,  0.0249,  -0.3817,   0.0004, 0
A,  403, LYS,  0.0653,  -0.3610,   0.0009, 0
A,  404, GLU,  0.0294,  -0.3794,   0.0004, 0
A,  405, GLN,  0.0208,  -0.3838,   0.0003, 0
A,  406, ARG,  0.0430,  -0.3724,   0.0006, 0
A,  407, ARG,  0.0308,  -0.3787,   0.0004, 0
A,  408, ARG,  0.0152,  -0.3867,   0.0003, 0
A,  409, LEU,  0.0232,  -0.3826,   0.0004, 0
A,  410, GLU,  0.0369,  -0.3756,   0.0005, 0
A,  411, GLU,  0.0079,  -0.3904,   0.0002, 0
A,  412, GLN,  0.0144,  -0.3871,   0.0003, 0
A,  413, GLN,  0.0189,  -0.3848,   0.0003, 0
A,  414, ARG,  0.0100,  -0.3894,   0.0002, 0
A,  415, ARG,  0.0212,  -0.3836,   0.0003, 0
A,  416, GLU,  0.0197,  -0.3843,   0.0003, 0
A,  417, ARG,  0.0681,  -0.3595,   0.0010, 0
A,  418, GLU,  0.0197,  -0.3844,   0.0003, 0
A,  419, ALA,  0.0080,  -0.3903,   0.0002, 0
A,  420, ARG,  0.0234,  -0.3825,   0.0004, 0
A,  421, ARG,  0.0654,  -0.3609,   0.0009, 0
A,  422, GLN,  0.0128,  -0.3879,   0.0003, 0
A,  423, GLN,  0.0094,  -0.3896,   0.0002, 0
A,  424, GLU,  0.0380,  -0.3750,   0.0005, 0
A,  425, ARG,  0.0696,  -0.3587,   0.0010, 0
A,  426, GLU,  0.0265,  -0.3809,   0.0004, 0
A,  427, GLN,  0.0059,  -0.3915,   0.0002, 0
A,  428, ARG,  0.0527,  -0.3674,   0.0007, 0
A,  429, ARG,  0.0314,  -0.3784,   0.0004, 0
A,  430, ARG,  0.0070,  -0.3909,   0.0002, 0
A,  431, GLU,  0.0098,  -0.3894,   0.0002, 0
A,  432, GLN,  0.0172,  -0.3857,   0.0003, 0
A,  433, GLU,  0.0074,  -0.3907,   0.0002, 0
A,  434, GLU,  0.0151,  -0.3867,   0.0003, 0
A,  435, LYS,  0.0085,  -0.3901,   0.0002, 0
A,  436, ARG,  0.0434,  -0.3722,   0.0006, 0
A,  437, ARG,  0.0138,  -0.3874,   0.0003, 0
A,  438, LEU,  0.0242,  -0.3821,   0.0004, 0
A,  439, GLU,  0.0045,  -0.3922,   0.0002, 0
A,  440, GLU,  0.0108,  -0.3889,   0.0002, 0
A,  441, LEU,  0.0324,  -0.3778,   0.0005, 0
A,  442, GLU,  0.0124,  -0.3881,   0.0003, 0
A,  443, ARG,  0.0098,  -0.3895,   0.0002, 0
A,  444, ARG,  0.0169,  -0.3858,   0.0003, 0
A,  445, ARG,  0.0172,  -0.3857,   0.0003, 0
A,  446, LYS,  0.0036,  -0.3927,   0.0002, 0
A,  447, GLU,  0.0072,  -0.3908,   0.0002, 0
A,  448, GLU,  0.0058,  -0.3915,   0.0002, 0
A,  449, GLU,  0.0115,  -0.3886,   0.0002, 0
A,  450, GLU,  0.0030,  -0.3929,   0.0002, 0
A,  451, ARG,  0.0077,  -0.3905,   0.0002, 0
A,  452, ARG,  0.0151,  -0.3867,   0.0003, 0
A,  453, ARG,  0.0122,  -0.3882,   0.0002, 0
A,  454, ALA,  0.0027,  -0.3931,   0.0002, 0
A,  455, GLU,  0.0083,  -0.3902,   0.0002, 0
A,  456, GLU,  0.0153,  -0.3866,   0.0003, 0
A,  457, GLU,  0.0047,  -0.3920,   0.0002, 0
A,  458, LYS,  0.0079,  -0.3904,   0.0002, 0
A,  459, ARG,  0.0555,  -0.3660,   0.0008, 0
A,  460, ARG,  0.0554,  -0.3660,   0.0008, 0
A,  461, VAL,  0.0170,  -0.3857,   0.0003, 0
A,  462, GLU,  0.0094,  -0.3897,   0.0002, 0
A,  463, ARG,  0.1249,  -0.3304,   0.0023, 0
A,  464, GLU,  0.0670,  -0.3601,   0.0010, 0
A,  465, GLN,  0.0242,  -0.3821,   0.0004, 0
A,  466, GLU,  0.0114,  -0.3886,   0.0002, 0
A,  467, TYR,  0.1062,  -0.3400,   0.0018, 0
A,  468, ILE,  0.1057,  -0.3403,   0.0018, 0
A,  469, ARG,  0.0224,  -0.3830,   0.0003, 0
A,  470, ARG,  0.0627,  -0.3623,   0.0009, 0
A,  471, GLN,  0.0313,  -0.3784,   0.0004, 0
A,  472, LEU,  0.0906,  -0.3480,   0.0014, 0
A,  473, GLU,  0.0155,  -0.3865,   0.0003, 0
A,  474, GLU,  0.0170,  -0.3857,   0.0003, 0
A,  475, GLU,  0.0234,  -0.3825,   0.0004, 0
A,  476, GLN,  0.0074,  -0.3907,   0.0002, 0
A,  477, ARG,  0.0288,  -0.3797,   0.0004, 0
A,  478, HIS,  0.0520,  -0.3678,   0.0007, 0
A,  479, LEU,  0.0389,  -0.3745,   0.0005, 0
A,  480, GLU,  0.0045,  -0.3922,   0.0002, 0
A,  481, VAL,  0.0324,  -0.3779,   0.0005, 0
A,  482, LEU,  0.0582,  -0.3646,   0.0008, 0
A,  483, GLN,  0.0244,  -0.3820,   0.0004, 0
A,  484, GLN,  0.0147,  -0.3869,   0.0003, 0
A,  485, GLN,  0.0371,  -0.3754,   0.0005, 0
A,  486, LEU,  0.0352,  -0.3764,   0.0005, 0
A,  487, LEU,  0.1149,  -0.3355,   0.0020, 0
A,  488, GLN,  0.0258,  -0.3813,   0.0004, 0
A,  489, GLU,  0.0641,  -0.3616,   0.0009, 0
A,  490, GLN,  0.0606,  -0.3634,   0.0009, 0
A,  491, ALA,  0.0241,  -0.3821,   0.0004, 0
A,  492, MET,  0.1211,  -0.3323,   0.0022, 0
A,  493, LEU,  0.1010,  -0.3427,   0.0017, 0
A,  494, LEU,  0.1157,  -0.3351,   0.0021, 0
A,  495, GLU,  0.0595,  -0.3639,   0.0008, 0
A,  496, CYS,  0.1273,  -0.3291,   0.0024, 0
A,  497, ARG,  0.1257,  -0.3300,   0.0024, 0
A,  498, TRP,  0.1886,  -0.2977,   0.0046, 0
A,  499, ARG,  0.0798,  -0.3535,   0.0012, 0
A,  500, GLU,  0.0443,  -0.3718,   0.0006, 0
A,  501, MET,  0.2810,  -0.2503,   0.0093, 0
A,  502, GLU,  0.0718,  -0.3577,   0.0011, 0
A,  503, GLU,  0.0196,  -0.3844,   0.0003, 0
A,  504, HIS,  0.0437,  -0.3720,   0.0006, 0
A,  505, ARG,  0.2592,  -0.2615,   0.0080, 0
A,  506, GLN,  0.0071,  -0.3908,   0.0002, 0
A,  507, ALA,  0.0131,  -0.3877,   0.0003, 0
A,  508, GLU,  0.0395,  -0.3742,   0.0005, 0
A,  509, ARG,  0.0378,  -0.3751,   0.0005, 0
A,  510, LEU,  0.0246,  -0.3818,   0.0004, 0
A,  511, GLN,  0.0218,  -0.3833,   0.0003, 0
A,  512, ARG,  0.0816,  -0.3526,   0.0012, 0
A,  513, GLN,  0.0156,  -0.3865,   0.0003, 0
A,  514, LEU,  0.0345,  -0.3768,   0.0005, 0
A,  515, GLN,  0.0167,  -0.3859,   0.0003, 0
A,  516, GLN,  0.0598,  -0.3638,   0.0008, 0
A,  517, GLU,  0.0689,  -0.3591,   0.0010, 0
A,  518, GLN,  0.0499,  -0.3689,   0.0007, 0
A,  519, ALA,  0.0282,  -0.3800,   0.0004, 0
A,  520, TYR,  0.2519,  -0.2652,   0.0076, 0
A,  521, LEU,  0.0746,  -0.3562,   0.0011, 0
A,  522, LEU,  0.0158,  -0.3864,   0.0003, 0
A,  523, SER,  0.0761,  -0.3554,   0.0011, 0
A,  524, LEU,  0.1677,  -0.3084,   0.0038, 0
A,  525, GLN,  0.0169,  -0.3858,   0.0003, 0
A,  540, PRO,  0.0020,  -0.3935,   0.0002, 0
A,  549, PRO,  0.0004,  -0.3943,   0.0001, 0
A,  913, SER,  0.0072,  -0.3908,   0.0002, 0
A,  914, ASP,  0.0278,  -0.3802,   0.0004, 0
A,  915, THR,  0.0382,  -0.3749,   0.0005, 0
A,  916, PRO,  0.1860,  -0.2990,   0.0045, 10
A,  917, GLU,  0.0724,  -0.3573,   0.0011, 0
A,  918, ILE,  1.1908,   0.2165,   0.1502, 3
A,  919, ARG,  0.5948,  -0.0893,   0.0387, 0
A,  920, LYS,  0.4668,  -0.1549,   0.0240, 3
A,  921, TYR,  1.2229,   0.2330,   0.1576, 0
A,  922, LYS,  0.2102,  -0.2866,   0.0055, 0
A,  923, LYS,  0.1781,  -0.3031,   0.0042, 0
A,  924, ARG,  0.6103,  -0.0813,   0.0408, 0
A,  925, PHE,  0.2358,  -0.2735,   0.0068, 0
A,  926, ASN,  0.2868,  -0.2473,   0.0096, 0
A,  927, SER,  0.2143,  -0.2845,   0.0057, 0
A,  928, GLU,  0.0884,  -0.3491,   0.0014, 0
A,  929, ILE,  0.0003,  -0.3943,   0.0001, 0
A,  930, LEU,  0.6874,  -0.0417,   0.0516, 2
A,  931, CYS,  0.5470,  -0.1138,   0.0327, 2
A,  932, ALA,  0.3917,  -0.1935,   0.0171, 2
A,  933, ALA,  0.2958,  -0.2427,   0.0101, 6
A,  934, LEU,  0.2611,  -0.2605,   0.0081, 6
A,  935, TRP,  0.6202,  -0.0763,   0.0420, 4
A,  936, GLY,  0.3079,  -0.2365,   0.0109, 0
A,  937, VAL,  0.4393,  -0.1691,   0.0213, 4
A,  938, ASN,  0.6024,  -0.0854,   0.0398, 4
A,  939, LEU,  0.0000,  -0.3945,   0.0001, 0
A,  940, LEU,  0.0000,  -0.3945,   0.0001, 0
A,  941, VAL,  0.0000,  -0.3945,   0.0001, 0
A,  942, GLY,  0.0000,  -0.3945,   0.0001, 0
A,  943, THR,  0.1162,  -0.3349,   0.0021, 0
A,  944, GLU,  0.0565,  -0.3655,   0.0008, 0
A,  945, SER,  0.1876,  -0.2982,   0.0046, 0
A,  946, GLY,  0.0255,  -0.3814,   0.0004, 0
A,  947, LEU,  0.0038,  -0.3925,   0.0002, 0
A,  948, MET,  0.3003,  -0.2404,   0.0104, 0
A,  949, LEU,  0.5507,  -0.1119,   0.0332, 4
A,  950, LEU,  0.0422,  -0.3728,   0.0006, 0
A,  951, ASP,  0.2697,  -0.2561,   0.0086, 0
A,  952, ARG,  1.1790,   0.2105,   0.1474, 0
A,  953, SER,  0.1966,  -0.2936,   0.0049, 0
A,  954, GLY,  0.0730,  -0.3570,   0.0011, 0
A,  955, GLN,  0.1333,  -0.3261,   0.0026, 0
A,  956, GLY,  0.1119,  -0.3371,   0.0020, 0
A,  957, LYS,  0.1568,  -0.3140,   0.0034, 0
A,  958, VAL,  0.1492,  -0.3179,   0.0031, 0
A,  959, TYR,  0.4768,  -0.1498,   0.0250, 4
A,  960, PRO,  0.1587,  -0.3130,   0.0034, 0
A,  961, LEU,  0.2062,  -0.2887,   0.0054, 0
A,  962, ILE,  0.3704,  -0.2044,   0.0154, 8
A,  963, ASN,  0.1267,  -0.3295,   0.0024, 0
A,  964, ARG,  0.1344,  -0.3255,   0.0026, 0
A,  965, ARG,  0.7645,  -0.0022,   0.0636, 8
A,  966, ARG,  0.1312,  -0.3272,   0.0025, 0
A,  967, PHE,  0.1905,  -0.2967,   0.0047, 0
A,  968, GLN,  0.7006,  -0.0350,   0.0535, 2
A,  969, GLN,  3.3912,   1.3456,   0.5883, 2
A,  970, MET,  0.7797,   0.0056,   0.0661, 2
A,  971, ASP,  1.0340,   0.1361,   0.1151, 2
A,  972, VAL,  0.7949,   0.0134,   0.0687, 6
A,  973, LEU,  0.2979,  -0.2416,   0.0103, 0
A,  974, GLU,  0.3167,  -0.2320,   0.0115, 0
A,  975, GLY,  0.4294,  -0.1742,   0.0204, 0
A,  976, LEU,  1.0470,   0.1427,   0.1179, 0
A,  977, ASN,  0.2452,  -0.2687,   0.0072, 0
A,  978, VAL,  0.2399,  -0.2714,   0.0070, 0
A,  979, LEU,  0.0000,  -0.3945,   0.0001, 0
A,  980, VAL,  0.0317,  -0.3782,   0.0005, 0
A,  981, THR,  0.0000,  -0.3945,   0.0001, 0
A,  982, ILE,  0.0272,  -0.3805,   0.0004, 0
A,  983, SER,  0.3669,  -0.2062,   0.0151, 0
A,  984, GLY,  0.3301,  -0.2251,   0.0124, 0
A,  985, LYS,  0.3232,  -0.2286,   0.0119, 0
A,  986, LYS,  0.2941,  -0.2436,   0.0100, 0
A,  987, ASP,  0.0879,  -0.3494,   0.0014, 0
A,  988, LYS,  0.3130,  -0.2339,   0.0112, 0
A,  989, LEU,  0.0100,  -0.3893,   0.0002, 0
A,  990, ARG,  0.5797,  -0.0970,   0.0368, 0
A,  991, VAL,  0.2924,  -0.2444,   0.0099, 9
A,  992, TYR,  0.2967,  -0.2422,   0.0102, 8
A,  993, TYR,  1.4273,   0.3379,   0.2053, 9
A,  994, LEU,  0.1934,  -0.2952,   0.0048, 0
A,  995, SER,  0.6521,  -0.0599,   0.0465, 0
A,  996, TRP,  0.6125,  -0.0802,   0.0410, 8
A,  997, LEU,  0.2287,  -0.2771,   0.0064, 0
A,  998, ARG,  0.5267,  -0.1242,   0.0303, 4
A,  999, ASN,  0.2016,  -0.2910,   0.0052, 0
A, 1000, LYS,  0.3104,  -0.2352,   0.0111, 8
A, 1001, ILE,  0.6275,  -0.0725,   0.0430, 4
A, 1002, LEU,  0.1396,  -0.3229,   0.0028, 4
A, 1003, HIS,  0.1354,  -0.3250,   0.0027, 0
A, 1004, ASN,  0.0166,  -0.3860,   0.0003, 0
A, 1005, ASP,  0.0349,  -0.3765,   0.0005, 0
A, 1006, PRO,  0.0047,  -0.3921,   0.0002, 0
A, 1007, GLU,  0.0317,  -0.3782,   0.0005, 0
A, 1008, VAL,  0.2227,  -0.2802,   0.0061, 0
A, 1009, GLU,  0.0466,  -0.3706,   0.0006, 0
A, 1010, LYS,  0.0091,  -0.3898,   0.0002, 0
A, 1011, LYS,  0.2773,  -0.2522,   0.0090, 0
A, 1012, GLN,  0.3272,  -0.2266,   0.0122, 0
A, 1013, GLY,  0.3707,  -0.2043,   0.0155, 0
A, 1014, TRP,  0.7874,   0.0095,   0.0674, 8
A, 1015, THR,  0.5189,  -0.1282,   0.0295, 9
A, 1016, THR,  0.3436,  -0.2182,   0.0134, 9
A, 1017, VAL,  0.4056,  -0.1864,   0.0183, 9
A, 1018, GLY,  0.1452,  -0.3200,   0.0030, 0
A, 1019, ASP,  0.0994,  -0.3435,   0.0016, 0
A, 1020, LEU,  0.0974,  -0.3445,   0.0016, 0
A, 1021, GLU,  0.1142,  -0.3359,   0.0020, 0
A, 1022, GLY,  0.0714,  -0.3579,   0.0011, 0
A, 1023, CYS,  0.0611,  -0.3631,   0.0009, 0
A, 1024, VAL,  0.4878,  -0.1442,   0.0261, 2
A, 1025, HIS,  2.9139,   1.1007,   0.5125, 2
A, 1026, TYR,  2.2103,   0.7396,   0.3811, 2
A, 1027, LYS,  2.5468,   0.9123,   0.4475, 2
A, 1028, VAL,  0.5155,  -0.1300,   0.0291, 2
A, 1029, VAL,  0.1522,  -0.3164,   0.0032, 11
A, 1030, LYS,  0.4270,  -0.1754,   0.0202, 0
A, 1031, TYR,  0.3058,  -0.2376,   0.0108, 11
A, 1032, GLU,  0.2299,  -0.2765,   0.0065, 0
A, 1033, ARG,  0.9654,   0.1009,   0.1009, 7
A, 1034, ILE,  0.5749,  -0.0995,   0.0362, 7
A, 1035, LYS,  0.9900,   0.1135,   0.1059, 0
A, 1036, PHE,  0.0000,  -0.3945,   0.0001, 0
A, 1037, LEU,  0.0000,  -0.3945,   0.0001, 0
A, 1038, VAL,  0.0000,  -0.3945,   0.0001, 0
A, 1039, ILE,  0.0000,  -0.3945,   0.0001, 0
A, 1040, ALA,  0.0000,  -0.3945,   0.0001, 0
A, 1041, LEU,  0.0831,  -0.3518,   0.0013, 0
A, 1042, LYS,  0.1526,  -0.3162,   0.0032, 0
A, 1043, SER,  0.1140,  -0.3360,   0.0020, 0
A, 1044, SER,  0.1388,  -0.3232,   0.0028, 0
A, 1045, VAL,  0.0231,  -0.3826,   0.0004, 0
A, 1046, GLU,  0.1414,  -0.3219,   0.0028, 0
A, 1047, VAL,  0.0131,  -0.3878,   0.0003, 0
A, 1048, TYR,  0.2083,  -0.2876,   0.0055, 0
A, 1049, ALA,  0.0000,  -0.3945,   0.0001, 0
A, 1050, TRP,  1.3102,   0.2778,   0.1777, 9
A, 1051, ALA,  0.9238,   0.0795,   0.0927, 0
A, 1052, PRO,  1.4092,   0.3286,   0.2010, 7
A, 1053, LYS,  1.2240,   0.2336,   0.1578, 0
A, 1054, PRO,  0.6232,  -0.0747,   0.0425, 0
A, 1055, TYR,  0.9787,   0.1077,   0.1036, 0
A, 1056, HIS,  0.8827,   0.0585,   0.0847, 9
A, 1057, LYS,  0.5398,  -0.1175,   0.0319, 9
A, 1058, PHE,  0.4140,  -0.1820,   0.0190, 9
A, 1059, MET,  0.6261,  -0.0732,   0.0428, 0
A, 1060, ALA,  0.2905,  -0.2454,   0.0098, 0
A, 1061, PHE,  0.2939,  -0.2437,   0.0100, 0
A, 1062, LYS,  0.1601,  -0.3123,   0.0035, 0
A, 1063, SER,  0.1570,  -0.3139,   0.0034, 0
A, 1064, PHE,  0.1006,  -0.3428,   0.0017, 0
A, 1065, GLY,  0.1122,  -0.3369,   0.0020, 0
A, 1066, GLU,  0.0526,  -0.3675,   0.0007, 0
A, 1067, LEU,  0.0496,  -0.3690,   0.0007, 0
A, 1068, VAL,  0.2252,  -0.2789,   0.0062, 0
A, 1069, HIS,  0.3106,  -0.2351,   0.0111, 0
A, 1070, LYS,  0.2406,  -0.2710,   0.0070, 0
A, 1071, PRO,  0.0388,  -0.3746,   0.0005, 0
A, 1072, LEU,  0.4452,  -0.1660,   0.0219, 2
A, 1073, LEU,  2.0030,   0.6333,   0.3372, 2
A, 1074, VAL,  0.8244,   0.0285,   0.0738, 2
A, 1075, ASP,  1.4166,   0.3324,   0.2028, 2
A, 1076, LEU,  0.1601,  -0.3123,   0.0035, 11
A, 1077, THR,  0.1289,  -0.3283,   0.0025, 11
A, 1078, VAL,  0.2754,  -0.2532,   0.0089, 11
A, 1079, GLU,  0.1267,  -0.3295,   0.0024, 0
A, 1080, GLU,  0.0870,  -0.3498,   0.0014, 0
A, 1081, GLY,  0.0454,  -0.3712,   0.0006, 0
A, 1082, GLN,  0.1700,  -0.3072,   0.0039, 0
A, 1083, ARG,  0.3547,  -0.2125,   0.0142, 0
A, 1084, LEU,  0.1213,  -0.3323,   0.0022, 0
A, 1085, LYS,  0.2290,  -0.2770,   0.0064, 0
A, 1086, VAL,  0.0000,  -0.3945,   0.0001, 0
A, 1087, ILE,  0.0002,  -0.3944,   0.0001, 0
A, 1088, TYR,  0.0204,  -0.3840,   0.0003, 0
A, 1089, GLY,  0.0000,  -0.3945,   0.0001, 0
A, 1090, SER,  0.1889,  -0.2976,   0.0046, 0
A, 1091, CYS,  0.4391,  -0.1692,   0.0213, 0
A, 1092, ALA,  0.3066,  -0.2372,   0.0108, 0
A, 1093, GLY,  0.0974,  -0.3445,   0.0016, 0
A, 1094, PHE,  0.0006,  -0.3942,   0.0001, 0
A, 1095, HIS,  0.0485,  -0.3696,   0.0007, 0
A, 1096, ALA,  0.0000,  -0.3945,   0.0001, 0
A, 1097, VAL,  0.0355,  -0.3763,   0.0005, 0
A, 1098, ASP,  0.2062,  -0.2887,   0.0054, 0
A, 1099, VAL,  0.1179,  -0.3340,   0.0021, 0
A, 1100, ASP,  0.1959,  -0.2939,   0.0049, 0
A, 1101, SER,  0.0486,  -0.3695,   0.0007, 0
A, 1102, GLY,  0.0603,  -0.3635,   0.0009, 0
A, 1103, SER,  0.0764,  -0.3553,   0.0011, 0
A, 1104, VAL,  0.1003,  -0.3430,   0.0017, 0
A, 1105, TYR,  0.3587,  -0.2104,   0.0145, 0
A, 1106, ASP,  0.0943,  -0.3461,   0.0015, 0
A, 1107, ILE,  0.0101,  -0.3893,   0.0002, 0
A, 1108, TYR,  0.6075,  -0.0828,   0.0404, 0
A, 1109, LEU,  0.1521,  -0.3164,   0.0032, 0
A, 1110, PRO,  0.2489,  -0.2668,   0.0074, 0
A, 1111, THR,  0.1060,  -0.3401,   0.0018, 0
A, 1112, HIS,  0.5953,  -0.0890,   0.0388, 0
A, 1113, ILE,  0.3050,  -0.2380,   0.0107, 0
A, 1114, GLN,  0.1587,  -0.3131,   0.0034, 0
A, 1115, CYS,  0.4252,  -0.1763,   0.0200, 0
A, 1116, SER,  0.4617,  -0.1576,   0.0235, 0
A, 1117, ILE,  0.2456,  -0.2684,   0.0073, 0
A, 1118, LYS,  0.3246,  -0.2279,   0.0120, 0
A, 1119, PRO,  0.1929,  -0.2955,   0.0048, 0
A, 1120, HIS,  1.5007,   0.3755,   0.2224, 2
A, 1121, ALA,  0.6450,  -0.0635,   0.0455, 2
A, 1122, ILE,  1.0974,   0.1686,   0.1289, 2
A, 1123, ILE,  0.3095,  -0.2356,   0.0110, 0
A, 1124, ILE,  0.5074,  -0.1341,   0.0282, 11
A, 1125, LEU,  0.1925,  -0.2957,   0.0048, 11
A, 1126, PRO,  0.1135,  -0.3363,   0.0020, 11
A, 1127, ASN,  0.0695,  -0.3588,   0.0010, 0
A, 1128, THR,  0.0577,  -0.3649,   0.0008, 0
A, 1129, ASP,  0.1539,  -0.3155,   0.0033, 0
A, 1130, GLY,  0.1187,  -0.3336,   0.0022, 11
A, 1131, MET,  0.1662,  -0.3092,   0.0037, 0
A, 1132, GLU,  0.0839,  -0.3514,   0.0013, 0
A, 1133, LEU,  0.0000,  -0.3945,   0.0001, 0
A, 1134, LEU,  0.0000,  -0.3945,   0.0001, 0
A, 1135, VAL,  0.0000,  -0.3945,   0.0001, 0
A, 1136, CYS,  0.0000,  -0.3945,   0.0001, 0
A, 1137, TYR,  0.5730,  -0.1005,   0.0359, 0
A, 1138, GLU,  0.2387,  -0.2720,   0.0069, 0
A, 1139, ASP,  0.0974,  -0.3445,   0.0016, 0
A, 1140, GLU,  0.4413,  -0.1680,   0.0215, 0
A, 1141, GLY,  0.0981,  -0.3441,   0.0016, 0
A, 1142, VAL,  0.5737,  -0.1001,   0.0360, 0
A, 1143, TYR,  0.0401,  -0.3739,   0.0006, 0
A, 1144, VAL,  0.0110,  -0.3888,   0.0002, 0
A, 1145, ASN,  0.2412,  -0.2707,   0.0070, 0
A, 1146, THR,  0.3151,  -0.2328,   0.0114, 0
A, 1147, TYR,  0.5915,  -0.0910,   0.0383, 0
A, 1148, GLY,  0.0276,  -0.3803,   0.0004, 0
A, 1149, ARG,  0.2205,  -0.2813,   0.0060, 0
A, 1150, ILE,  0.4071,  -0.1856,   0.0184, 0
A, 1151, THR,  0.0453,  -0.3712,   0.0006, 0
A, 1152, LYS,  0.0656,  -0.3608,   0.0009, 0
A, 1153, ASP,  0.0790,  -0.3539,   0.0012, 0
A, 1154, VAL,  0.0640,  -0.3616,   0.0009, 0
A, 1155, VAL,  0.6358,  -0.0683,   0.0442, 0
A, 1156, LEU,  0.0486,  -0.3696,   0.0007, 0
A, 1157, GLN,  0.0936,  -0.3464,   0.0015, 0
A, 1158, TRP,  0.2330,  -0.2749,   0.0066, 0
A, 1159, GLY,  0.2808,  -0.2504,   0.0092, 0
A, 1160, GLU,  0.2992,  -0.2410,   0.0103, 0
A, 1161, MET,  0.2802,  -0.2507,   0.0092, 0
A, 1162, PRO,  0.2947,  -0.2432,   0.0101, 0
A, 1163, THR,  0.5713,  -0.1013,   0.0357, 2
A, 1164, SER,  0.6774,  -0.0469,   0.0500, 2
A, 1165, VAL,  1.6006,   0.4268,   0.2466, 2
A, 1166, ALA,  0.7757,   0.0035,   0.0654, 2
A, 1167, TYR,  0.7041,  -0.0332,   0.0541, 2
A, 1168, ILE,  0.2032,  -0.2902,   0.0052, 0
A, 1169, ARG,  0.1058,  -0.3402,   0.0018, 0
A, 1170, SER,  0.2323,  -0.2753,   0.0066, 10
A, 1171, ASN,  0.1131,  -0.3364,   0.0020, 0
A, 1172, GLN,  0.2277,  -0.2777,   0.0064, 10
A, 1173, THR,  0.0000,  -0.3945,   0.0001, 0
A, 1174, MET,  0.0856,  -0.3505,   0.0013, 0
A, 1175, GLY,  0.2091,  -0.2872,   0.0055, 0
A, 1176, TRP,  0.2212,  -0.2810,   0.0061, 0
A, 1177, GLY,  0.2150,  -0.2841,   0.0058, 0
A, 1178, GLU,  0.1070,  -0.3396,   0.0018, 0
A, 1179, LYS,  0.0560,  -0.3657,   0.0008, 0
A, 1180, ALA,  0.3101,  -0.2354,   0.0110, 0
A, 1181, ILE,  1.2749,   0.2597,   0.1695, 3
A, 1182, GLU,  0.3026,  -0.2392,   0.0106, 0
A, 1183, ILE,  0.1569,  -0.3140,   0.0034, 10
A, 1184, ARG,  0.0935,  -0.3465,   0.0015, 0
A, 1185, SER,  0.0514,  -0.3681,   0.0007, 0
A, 1186, VAL,  0.0546,  -0.3664,   0.0008, 0
A, 1187, GLU,  0.0850,  -0.3508,   0.0013, 0
A, 1188, THR,  0.0938,  -0.3463,   0.0015, 0
A, 1189, GLY,  0.0482,  -0.3697,   0.0007, 0
A, 1190, HIS,  0.0608,  -0.3633,   0.0009, 0
A, 1191, LEU,  0.0949,  -0.3458,   0.0015, 0
A, 1192, ASP,  0.2179,  -0.2827,   0.0059, 10
A, 1193, GLY,  0.0527,  -0.3674,   0.0007, 10
A, 1194, VAL,  0.1679,  -0.3083,   0.0038, 0
A, 1195, PHE,  0.8198,   0.0261,   0.0730, 3
A, 1196, MET,  0.9079,   0.0714,   0.0895, 3
A, 1197, HIS,  1.5804,   0.4165,   0.2418, 3
A, 1198, LYS,  0.5384,  -0.1182,   0.0317, 3
A, 1199, ARG,  0.2823,  -0.2496,   0.0093, 0
A, 1200, ALA,  0.0282,  -0.3800,   0.0004, 0
A, 1201, GLN,  0.4237,  -0.1771,   0.0199, 0
A, 1202, ARG,  0.0809,  -0.3530,   0.0012, 0
A, 1203, LEU,  1.0209,   0.1293,   0.1123, 0
A, 1204, LYS,  0.7566,  -0.0063,   0.0623, 0
A, 1205, PHE,  1.7089,   0.4824,   0.2719, 2
A, 1206, LEU,  1.1635,   0.2026,   0.1439, 2
A, 1207, CYS,  0.7341,  -0.0178,   0.0587, 2
A, 1208, GLU,  0.3404,  -0.2198,   0.0131, 2
A, 1209, ARG,  0.1157,  -0.3351,   0.0021, 0
A, 1210, ASN,  0.0697,  -0.3587,   0.0010, 0
A, 1211, ASP,  0.0792,  -0.3539,   0.0012, 0
A, 1212, LYS,  0.8326,   0.0327,   0.0753, 0
A, 1213, VAL,  0.0111,  -0.3888,   0.0002, 0
A, 1214, PHE,  0.7178,  -0.0262,   0.0561, 0
A, 1215, PHE,  1.1635,   0.2025,   0.1439, 3
A, 1216, ALA,  0.0000,  -0.3945,   0.0001, 0
A, 1217, SER,  0.2870,  -0.2472,   0.0096, 0
A, 1218, VAL,  0.0192,  -0.3846,   0.0003, 0
A, 1219, ARG,  0.5019,  -0.1370,   0.0276, 0
A, 1220, SER,  0.0336,  -0.3772,   0.0005, 0
A, 1221, GLY,  0.0327,  -0.3777,   0.0005, 0
A, 1222, GLY,  0.0334,  -0.3774,   0.0005, 0
A, 1223, SER,  0.0710,  -0.3580,   0.0010, 0
A, 1224, SER,  0.0301,  -0.3790,   0.0004, 0
A, 1225, GLN,  0.3945,  -0.1921,   0.0173, 0
A, 1226, VAL,  0.0119,  -0.3884,   0.0002, 0
A, 1227, TYR,  1.3077,   0.2765,   0.1771, 3
A, 1228, PHE,  1.1825,   0.2123,   0.1483, 0
A, 1229, MET,  0.8397,   0.0364,   0.0766, 0
A, 1230, THR,  0.2087,  -0.2874,   0.0055, 0
A, 1231, LEU,  0.2584,  -0.2619,   0.0080, 10
A, 1232, GLY,  0.2362,  -0.2733,   0.0068, 10
A, 1233, ARG,  0.1334,  -0.3260,   0.0026, 0
A, 1234, THR,  0.0811,  -0.3529,   0.0012, 0
A, 1235, SER,  0.1530,  -0.3159,   0.0032, 10
